debugI5RIIL:debug1WE1NF,initialized,0,,1604091412762
debugI5RIIL:debug1WE1NF,window_resize,0,"[1024, 768]",1604091412762
debugI5RIIL:debug1WE1NF,focus,52,on,1604091412814
debugDRQX97:debugDQC3II,initialized,0,,1604091667302
debugDRQX97:debugDQC3II,window_resize,0,"[1024, 768]",1604091667302
debugDRQX97:debugDQC3II,focus,44,on,1604091667346
debugXS5FE5:debug3AN76P,initialized,0,,1604091874131
debugXS5FE5:debug3AN76P,window_resize,0,"[1024, 768]",1604091874131
debugXS5FE5:debug3AN76P,focus,53,on,1604091874184
debugG2RC8O:debug4MTJTQ,initialized,0,,1604092255809
debugG2RC8O:debug4MTJTQ,window_resize,0,"[1024, 768]",1604092255809
debugG2RC8O:debug4MTJTQ,focus,53,on,1604092255862
debugRKT5NQ:debugD5M2R6,initialized,0,,1604092584131
debugRKT5NQ:debugD5M2R6,window_resize,0,"[1024, 768]",1604092584131
debugRKT5NQ:debugD5M2R6,focus,57,on,1604092584188
debugH7GL0J:debugK3RES0,initialized,0,,1604092701430
debugH7GL0J:debugK3RES0,window_resize,0,"[1024, 768]",1604092701430
debugH7GL0J:debugK3RES0,focus,56,on,1604092701486
debug4NPJ47:debugPLT4BB,initialized,0,,1604092854576
debug4NPJ47:debugPLT4BB,window_resize,0,"[1024, 768]",1604092854576
debug4NPJ47:debugPLT4BB,focus,57,on,1604092854633
debugFNPOX7:debugC91OB3,initialized,0,,1604093536961
debugFNPOX7:debugC91OB3,window_resize,0,"[1024, 768]",1604093536961
debugFNPOX7:debugC91OB3,focus,53,on,1604093537014
debug67VXYH:debugUXY7UJ,initialized,0,,1604093870923
debug67VXYH:debugUXY7UJ,window_resize,0,"[1024, 768]",1604093870923
debug67VXYH:debugUXY7UJ,focus,49,on,1604093870972
debugKMMRGF:debugTKTV9H,initialized,0,,1604094244920
debugKMMRGF:debugTKTV9H,window_resize,1,"[1024, 768]",1604094244921
debugKMMRGF:debugTKTV9H,focus,53,on,1604094244974
debugZ1MFRG:debug91KI1C,initialized,0,,1604094424507
debugZ1MFRG:debug91KI1C,window_resize,0,"[1024, 768]",1604094424507
debugZ1MFRG:debug91KI1C,focus,57,on,1604094424564
debugLA39TG:debugGLL0K8,initialized,0,,1604094588890
debugLA39TG:debugGLL0K8,window_resize,0,"[1024, 768]",1604094588890
debugLA39TG:debugGLL0K8,focus,55,on,1604094588945
debugQS365J:debugT3XFZD,initialized,0,,1604095669541
debugQS365J:debugT3XFZD,window_resize,0,"[1024, 768]",1604095669541
debugQS365J:debugT3XFZD,focus,64,on,1604095669605
debugIIXSU2:debugHMB4AE,initialized,0,,1604096647765
debugIIXSU2:debugHMB4AE,window_resize,1,"[1024, 768]",1604096647766
debugIIXSU2:debugHMB4AE,focus,56,on,1604096647822
debugVFV8QV:debug6JJUDK,initialized,0,,1604096664607
debugVFV8QV:debug6JJUDK,window_resize,0,"[1024, 768]",1604096664607
debugVFV8QV:debug6JJUDK,focus,54,on,1604096664661
